{"version": 2, "width": 80, "height": 24, "timestamp": 1547434584, "env": {"SHELL": "/bin/bash", "TERM": "xterm-256color"}}
[3.524068, "o", "bash-3.2$ "]
[3.907681, "o", "c"]
[4.053401, "o", "d"]
[4.165425, "o", " "]
[4.947864, "o", "g"]
[5.076917, "o", "i"]
[5.338809, "o", "smap/"]
[5.873659, "o", "\r\n"]
[5.873861, "o", "bash-3.2$ "]
[6.155923, "o", "l"]
[6.296353, "o", "s"]
[6.428317, "o", "\r\n"]
[6.432009, "o", "README.md\tassets\t\tdeps\t\tmix.exs\t\tpriv\r\n_build\t\tconfig\t\tlib\t\tmix.lock\ttest\r\n"]
[6.432408, "o", "bash-3.2$ "]
[11.5636, "o", "c"]
[11.973683, "o", "o"]
[12.111003, "o", "d"]
[12.280314, "o", "e"]
[12.717765, "o", " "]
[12.96002, "o", "."]
[13.516957, "o", "\r\n"]
